{
  "accents": {
    "Acid Lime": "#C6FF00",
    "Blue": "#2979FF",
    "Breaking Bad": "#388E3C",
    "Bright Teal": "#64FFDA",
    "Cyan": "#00BCD4",
    "Graphite": "#616161",
    "Indigo": "#5C6BC0",
    "Lime": "#7CB342",
    "Orange": "#FF7042",
    "Pink": "#FF4081",
    "Purple": "#AB47BC",
    "Red": "#E57373",
    "Sky": "#84FFFF",
    "Tomato": "#F44336",
    "Teal": "#80CBC4",
    "Yellow": "#FFA000"
  },
  "accentsProperties": {
    "activityBarBadge.background": {
      "alpha": 100,
      "value": null
    },
    "activityBar.activeBorder": {
      "alpha": 100,
      "value": null
    },
    "list.activeSelectionForeground": {
      "alpha": 100,
      "value": null
    },
    "list.inactiveSelectionForeground": {
      "alpha": 100,
      "value": null
    },
    "list.highlightForeground": {
      "alpha": 100,
      "value": null
    },
    "scrollbarSlider.activeBackground": {
      "alpha": 50,
      "value": null
    },
    "editorSuggestWidget.highlightForeground": {
      "alpha": 100,
      "value": null
    },
    "textLink.foreground": {
      "alpha": 100,
      "value": null
    },
    "progressBar.background": {
      "alpha": 100,
      "value": null
    },
    "pickerGroup.foreground": {
      "alpha": 100,
      "value": null
    },
    "tab.activeBorder": {
      "alpha": 100,
      "value": null
    },
    "notificationLink.foreground": {
      "alpha": 100,
      "value": null
    },
    "editorWidget.resizeBorder": {
      "alpha": 100,
      "value": null
    },
    "editorWidget.border": {
      "alpha": 100,
      "value": null
    },
    "settings.modifiedItemIndicator": {
      "alpha": 100,
      "value": null
    },
    "settings.headerForeground": {
      "alpha": 100,
      "value": null
    },
    "panelTitle.activeBorder": {
      "alpha": 100,
      "value": null
    },
    "breadcrumb.activeSelectionForeground": {
      "alpha": 100,
      "value": null
    },
    "menu.selectionForeground": {
      "alpha": 100,
      "value": null
    },
    "menubar.selectionForeground": {
      "alpha": 100,
      "value": null
    },
    "editor.findMatchBorder": {
      "alpha": 100,
      "value": null
    },
    "selection.background": {
      "alpha": 40,
      "value": null
    },
    "statusBarItem.remoteBackground": {
      "alpha": 100,
      "value": null
    }
  }
}
